{
  "n_rows": 506,
  "LSTAT_mean": 7015758919492.212,
  "LSTAT_std": 3926948125217.695,
  "RM_mean": 0.0004563982686454196,
  "RM_std": 0.13223876433020798,
  "MEDV_mean": 22.544980237154153,
  "MEDV_std": 9.175344367217745
}