{
  "linear_regression": {
    "rmse": 4.697623764491636,
    "r2": 0.69652871236722,
    "mae": 3.3288709419721236,
    "run_id": "452b36566a3242f1b027a0124932b083"
  },
  "random_forest": {
    "rmse": 3.496428531444031,
    "r2": 0.8318834548512881,
    "mae": 2.523665547085959,
    "run_id": "03219540f8dd456991cac47572db70f3"
  },
  "best_model": "random_forest"
}